{
  "WorkItem": {
    "AffectedComponent": {
      "Name": "",
      "DisplayName": ""
    },
    "ClosedComment": "",
    "ClosedDate": null,
    "CommentCount": 0,
    "Custom": null,
    "Description": "The tool not enabled for other datacenter regions connecting through (Office 365) - crm2, crm6, etc",
    "LastUpdatedDate": "2016-09-12T10:14:33.593-07:00",
    "PlannedForRelease": "",
    "ReleaseVisibleToPublic": false,
    "Priority": {
      "Name": "Unassigned",
      "Severity": 0,
      "Id": 0
    },
    "ProjectName": "UserSettingsTool",
    "ReportedDate": "2016-09-12T10:14:33.593-07:00",
    "Status": {
      "Name": "Proposed",
      "Id": 1
    },
    "ReasonClosed": {
      "Name": "Unassigned"
    },
    "Summary": "Not enabled for others datacenter regions",
    "Type": {
      "Name": "Unassigned",
      "Id": 5
    },
    "VoteCount": 1,
    "Id": 674
  },
  "FileAttachments": [],
  "Comments": []
}