[
  {
    "Id": "0",
    "Name": "Users Settings tool",
    "DevelopmentStatus": "Beta",
    "Description": "Users Settings tool",
    "ReleasedDatge": "0001-01-01T00:00:00",
    "ModifiedDate": "2015-07-15T07:04:09.8-07:00",
    "Files": [
      {
        "Id": "3047dd61-579a-4640-8360-f0b703925041",
        "FileName": "User Settings Tool.zip",
        "Url": "./0/3047dd61-579a-4640-8360-f0b703925041",
        "Type": "Application",
        "UploadDate": "2015-07-15T07:04:08.88-07:00"
      }
    ]
  },
  {
    "Id": "1",
    "Name": "Users Settings Tool 2016",
    "DevelopmentStatus": "Stable",
    "Description": "Updated Tool for CRM 2015\\2016\\Dynamics 365 usage.",
    "ReleasedDatge": "0001-01-01T00:00:00",
    "ModifiedDate": "2016-12-15T01:47:05.237-08:00",
    "Files": [
      {
        "Id": "5b91fc8c-4380-45ac-a271-32f97a9e0483",
        "FileName": "Users Settings tool.zip",
        "Url": "./1/5b91fc8c-4380-45ac-a271-32f97a9e0483",
        "Type": "Application",
        "UploadDate": "2016-12-15T01:47:02.64-08:00"
      }
    ]
  }
]