[
  {
    "Id": "0",
    "Name": "CRM 2016 - Update User's Paging Limit (Managed)8.0",
    "DevelopmentStatus": "Stable",
    "Description": "Update User's Paging Limit (Managed) solution compatible with CRM 2016 - 8.0",
    "ReleasedDatge": "0001-01-01T00:00:00",
    "ModifiedDate": "2016-09-26T07:45:32.86-07:00",
    "Files": [
      {
        "Id": "6d7cfe72-2f40-4ac0-b9e3-5c8482ad7033",
        "FileName": "UpdateUserPagingLimit_1_0_0_0_target_CRM_8.0_managed.zip",
        "Url": "./0/6d7cfe72-2f40-4ac0-b9e3-5c8482ad7033",
        "Type": "Application",
        "UploadDate": "2016-09-26T07:44:11.623-07:00"
      }
    ]
  },
  {
    "Id": "1",
    "Name": "Dynamics CRM 2011",
    "DevelopmentStatus": "Beta",
    "Description": "This Solution is compatible with Dynamics CRM 2011. Please download the solution and run the dialog against selected User.",
    "ReleasedDatge": "0001-01-01T00:00:00",
    "ModifiedDate": "2015-12-04T07:16:51.947-08:00",
    "Files": [
      {
        "Id": "1f786508-f8a2-4c69-bba2-2846928cc171",
        "FileName": "UpdateCRMPagingLimit_1_0_0_0_managed.zip",
        "Url": "./1/1f786508-f8a2-4c69-bba2-2846928cc171",
        "Type": "Application",
        "UploadDate": "2015-12-04T07:16:50.45-08:00"
      }
    ]
  },
  {
    "Id": "2",
    "Name": "Dynamics CRM 2015",
    "DevelopmentStatus": "Beta",
    "Description": "This Solution is compatible with Dynamics CRM 2015. Please download the solution and run the dialog against selected User.",
    "ReleasedDatge": "0001-01-01T00:00:00",
    "ModifiedDate": "2015-12-04T07:14:44.527-08:00",
    "Files": [
      {
        "Id": "601dbce7-00a2-4df2-b3a8-84f08aa40710",
        "FileName": "UpdateUserPagingLimit2015_1_0_0_0_managed.zip",
        "Url": "./2/601dbce7-00a2-4df2-b3a8-84f08aa40710",
        "Type": "Application",
        "UploadDate": "2015-12-04T07:14:11.797-08:00"
      }
    ]
  },
  {
    "Id": "3",
    "Name": "CRM 2016 - Update User's Paging Limit (Managed)8.1",
    "DevelopmentStatus": "Stable",
    "Description": "Update User's Paging Limit (Managed) Solution Compatible with CRM 2016 (8.1).\n\nPlease download the solution and import it into your system. Then select a (or multiple) system user(s) and run the dialog against selected User.",
    "ReleasedDatge": "0001-01-01T00:00:00",
    "ModifiedDate": "2016-09-26T07:48:57.257-07:00",
    "Files": [
      {
        "Id": "d869aefe-add4-4416-8282-f0514c6ca97f",
        "FileName": "UpdateUserPagingLimit_1_0_0_0_managed.zip",
        "Url": "./3/d869aefe-add4-4416-8282-f0514c6ca97f",
        "Type": "Application",
        "UploadDate": "2016-09-26T07:48:54.57-07:00"
      }
    ]
  }
]